{"v":"5.5.7","meta":{"g":"LottieFiles AE 0.1.20","a":"","k":"","d":"","tc":""},"fr":25,"ip":0,"op":33,"w":1920,"h":1080,"nm":"Comp 2","ddd":0,"assets":[],"fonts":{"list":[{"fName":"TimesNewRomanPSMT","fFamily":"Times New Roman","fStyle":"Regular","ascent":69.4992065429688}]},"layers":[{"ddd":0,"ind":1,"ty":5,"nm":"Learn","sr":1,"ks":{"o":{"a":0,"k":100,"ix":11},"r":{"a":0,"k":0,"ix":10},"p":{"a":0,"k":[951.896,1275.418,0],"ix":2},"a":{"a":0,"k":[299.896,3.418,0],"ix":1},"s":{"a":0,"k":[100,100,100],"ix":6}},"ao":0,"t":{"d":{"k":[{"s":{"s":250,"f":"TimesNewRomanPSMT","t":"Từ Điển Anh Việt","j":0,"tr":13,"lh":300,"ls":0,"fc":[0.496,0.067,0.859]},"t":0}]},"p":{},"m":{"g":1,"a":{"a":0,"k":[0,0],"ix":2}},"a":[{"nm":"Animator 1","s":{"t":0,"xe":{"a":0,"k":100,"ix":7},"ne":{"a":0,"k":0,"ix":8},"a":{"a":0,"k":100,"ix":4},"b":1,"rn":0,"sh":1,"e":{"a":1,"k":[{"i":{"x":[0.667],"y":[1]},"o":{"x":[0.333],"y":[0]},"t":0,"s":[0]},{"t":32,"s":[100]}],"ix":2},"r":1},"a":{"p":{"a":0,"k":[0,-734,0],"ix":2}}},{"nm":"Animator 2","s":{"t":0,"xe":{"a":0,"k":100,"ix":7},"ne":{"a":0,"k":100,"ix":8},"a":{"a":0,"k":100,"ix":4},"b":1,"rn":0,"sh":1,"e":{"a":0,"k":0,"ix":2},"r":1},"a":{"p":{"a":0,"k":[0,-734,0],"ix":2}}}]},"ip":0,"op":126,"st":0,"bm":0}],"markers":[],"chars":[{"ch":"L","size":250,"style":"Regular","w":61.08,"data":{"shapes":[{"ty":"gr","it":[{"ind":0,"ty":"sh","ix":1,"ks":{"a":0,"k":{"i":[[1.692,-1.904],[2.051,-0.748],[5.078,0],[0,0],[0.813,0.326],[0.391,0.684],[0,2.702],[0,0],[-0.521,1.042],[-1.416,0.684],[-3.516,-0.032],[0,0],[0,0],[0,0],[0,0],[-1.27,-1.432],[0,-4.134],[0,0],[0.684,-1.041],[2.799,0],[0,0],[0,0],[0,0],[0,0],[0,0]],"o":[[-1.693,1.904],[-2.051,0.749],[0,0],[-4.265,0],[-0.814,-0.325],[-0.521,-1.009],[0,0],[0,-3.938],[0.52,-1.041],[1.416,-0.684],[0,0],[0,0],[0,0],[0,0],[2.506,0],[0.911,1.042],[0,0],[0,3.777],[-1.205,1.823],[0,0],[0,0],[0,0],[0,0],[0,0],[-1.693,4.102]],"v":[[52.246,-9.302],[46.631,-5.322],[35.938,-4.199],[31.104,-4.199],[23.486,-4.688],[21.68,-6.201],[20.898,-11.768],[20.898,-53.369],[21.68,-60.84],[24.585,-63.428],[31.982,-64.404],[31.982,-66.211],[2.002,-66.211],[2.002,-64.404],[4.492,-64.404],[10.156,-62.256],[11.523,-54.492],[11.523,-11.768],[10.498,-4.541],[4.492,-1.807],[2.002,-1.807],[2.002,0],[53.271,0],[58.936,-17.969],[57.324,-18.311]],"c":true},"ix":2},"nm":"L","mn":"ADBE Vector Shape - Group","hd":false}],"nm":"L","np":3,"cix":2,"bm":0,"ix":1,"mn":"ADBE Vector Group","hd":false}]},"fFamily":"Times New Roman"},{"ch":"e","size":250,"style":"Regular","w":44.38,"data":{"shapes":[{"ty":"gr","it":[{"ind":0,"ty":"sh","ix":1,"ks":{"a":0,"k":{"i":[[0,0],[3.223,3.304],[5.013,0],[3.922,-4.28],[0,-7.649],[-3.825,-4.182],[-5.371,0],[-3.288,3.662],[-0.684,4.46],[0,0],[2.164,-1.611],[2.93,0],[3.255,3.777],[-0.033,6.641]],"o":[[0,-5.534],[-3.223,-3.304],[-5.925,0],[-3.923,4.281],[0,7.064],[3.825,4.183],[4.948,0],[3.288,-3.662],[0,0],[-1.465,3.906],[-2.165,1.611],[-4.395,0],[-3.255,-3.776],[0,0]],"v":[[41.553,-27.881],[36.719,-41.138],[24.365,-46.094],[9.595,-39.673],[3.711,-21.777],[9.448,-4.907],[23.242,1.367],[35.596,-4.126],[41.553,-16.309],[40.039,-17.285],[34.595,-9.009],[26.953,-6.592],[15.479,-12.256],[10.645,-27.881]],"c":true},"ix":2},"nm":"e","mn":"ADBE Vector Shape - Group","hd":false},{"ind":1,"ty":"sh","ix":2,"ks":{"a":0,"k":{"i":[[-2.132,2.1],[-2.702,0],[-1.611,-1.041],[-0.814,-1.823],[-0.163,-2.864],[0,0]],"o":[[2.132,-2.1],[1.758,0],[1.611,1.042],[0.52,1.172],[0,0],[0.358,-3.743]],"v":[[14.38,-39.478],[21.631,-42.627],[26.685,-41.064],[30.322,-36.768],[31.348,-30.713],[10.645,-30.713]],"c":true},"ix":2},"nm":"e","mn":"ADBE Vector Shape - Group","hd":false}],"nm":"e","np":5,"cix":2,"bm":0,"ix":1,"mn":"ADBE Vector Group","hd":false}]},"fFamily":"Times New Roman"},{"ch":"a","size":250,"style":"Regular","w":44.38,"data":{"shapes":[{"ty":"gr","it":[{"ind":0,"ty":"sh","ix":1,"ks":{"a":0,"k":{"i":[[-0.945,-1.106],[-1.595,0],[-3.646,4.883],[0,0],[0.684,-0.423],[0.52,0],[0.374,0.326],[0.163,0.961],[0,4.265],[0,0],[0.586,1.4],[1.92,1.009],[3.971,0],[2.864,-2.344],[0,-2.799],[-0.765,-0.846],[-1.205,0],[-0.765,0.814],[0,1.498],[0,0],[-1.237,1.107],[-2.051,0],[-1.416,-1.66],[0,-4.459],[0,0],[3.304,-1.953],[1.334,-2.213],[0,-2.18],[-2.002,-2.116],[-3.093,0],[-1.758,0.813],[-4.59,3.548]],"o":[[0.944,1.106],[3.32,0],[0,0],[-1.953,1.953],[-0.391,0.228],[-0.488,0],[-0.375,-0.325],[-0.163,-0.96],[0,0],[0,-4.329],[-0.912,-2.148],[-2.539,-1.334],[-5.176,0],[-2.865,2.344],[0,1.465],[0.764,0.847],[1.237,0],[0.764,-0.813],[0,0],[0,-1.432],[1.204,-1.106],[2.702,0],[1.416,1.66],[0,0],[-7.683,2.8],[-3.304,1.953],[-0.977,1.595],[0,3.451],[2.002,2.116],[1.985,0],[1.172,-0.553],[0.032,2.67]],"v":[[29.932,-0.781],[33.74,0.879],[44.189,-6.445],[44.189,-9.18],[40.234,-5.615],[38.867,-5.273],[37.573,-5.762],[36.768,-7.69],[36.523,-15.527],[36.523,-30.713],[35.645,-39.307],[31.396,-44.043],[21.631,-46.045],[9.57,-42.529],[5.273,-34.814],[6.421,-31.348],[9.375,-30.078],[12.378,-31.299],[13.525,-34.766],[13.428,-37.598],[15.283,-41.406],[20.166,-43.066],[26.343,-40.576],[28.467,-31.396],[28.467,-29.639],[11.987,-22.51],[5.029,-16.26],[3.564,-10.596],[6.567,-2.246],[14.209,0.928],[19.824,-0.293],[28.467,-6.445]],"c":true},"ix":2},"nm":"a","mn":"ADBE Vector Shape - Group","hd":false},{"ind":1,"ty":"sh","ix":2,"ks":{"a":0,"k":{"i":[[2.473,0],[1.399,1.546],[0,2.344],[-1.107,1.563],[-2.572,1.433],[-4.916,1.953],[0,0]],"o":[[-1.823,0],[-1.4,-1.546],[0,-1.855],[1.106,-1.563],[1.432,-0.813],[0,0],[-4.037,3.255]],"v":[[18.701,-4.736],[13.867,-7.056],[11.768,-12.891],[13.428,-18.018],[18.945,-22.51],[28.467,-26.66],[28.467,-9.619]],"c":true},"ix":2},"nm":"a","mn":"ADBE Vector Shape - Group","hd":false}],"nm":"a","np":5,"cix":2,"bm":0,"ix":1,"mn":"ADBE Vector Group","hd":false}]},"fFamily":"Times New Roman"},{"ch":"r","size":250,"style":"Regular","w":33.3,"data":{"shapes":[{"ty":"gr","it":[{"ind":0,"ty":"sh","ix":1,"ks":{"a":0,"k":{"i":[[0,0],[0,0],[0,0],[-1.009,0],[-0.57,-0.455],[-0.212,-0.993],[0,-5.208],[0,0],[0.163,-0.553],[0.813,-0.52],[2.278,0],[0,0],[0,0],[0,0],[1.074,0.586],[0.423,0.879],[0,2.474],[0,0],[-1.465,1.335],[-0.586,0],[-1.416,-1.123],[-1.14,0],[-0.847,0.879],[0,1.27],[1.172,1.091],[1.79,0],[3.743,-6.705],[0,0]],"o":[[0,0],[0,0],[1.27,-0.488],[0.846,0],[0.569,0.456],[0.211,0.993],[0,0],[0,2.605],[-0.326,1.14],[-1.107,0.716],[0,0],[0,0],[0,0],[-2.019,0],[-1.074,-0.586],[-0.619,-1.27],[0,0],[1.563,-3.059],[0.684,-0.651],[0.684,0],[1.416,1.123],[1.172,0],[0.846,-0.879],[0,-1.432],[-1.172,-1.09],[-3.939,0],[0,0],[0,0]],"v":[[14.16,-46.045],[0.635,-40.576],[1.123,-38.818],[4.541,-39.551],[6.665,-38.867],[7.837,-36.694],[8.154,-27.393],[8.154,-10.059],[7.91,-5.322],[6.201,-2.832],[1.123,-1.758],[1.123,0],[24.023,0],[24.023,-1.758],[19.385,-2.637],[17.139,-4.834],[16.211,-10.449],[16.211,-31.885],[20.752,-38.477],[22.656,-39.453],[25.806,-37.769],[29.639,-36.084],[32.666,-37.402],[33.936,-40.625],[32.178,-44.409],[27.734,-46.045],[16.211,-35.986],[16.211,-46.045]],"c":true},"ix":2},"nm":"r","mn":"ADBE Vector Shape - Group","hd":false}],"nm":"r","np":3,"cix":2,"bm":0,"ix":1,"mn":"ADBE Vector Group","hd":false}]},"fFamily":"Times New Roman"},{"ch":"n","size":250,"style":"Regular","w":50,"data":{"shapes":[{"ty":"gr","it":[{"ind":0,"ty":"sh","ix":1,"ks":{"a":0,"k":{"i":[[0,0],[0,0],[0,0],[0,0],[-0.912,0],[-0.505,-0.423],[-0.244,-1.172],[0,-5.371],[0,0],[0.797,-1.155],[2.278,0],[0,0],[0,0],[0,0],[0,0],[0.797,0.439],[0.455,0.945],[0,3.027],[0,0],[-3.874,0],[-1.058,-1.839],[0,-4.069],[0,0],[0.13,-0.488],[0.83,-0.635],[2.083,0],[0,0],[0,0],[0,0],[0,0],[0.797,0.456],[0.358,0.814],[0,2.832],[0,0],[0.716,1.953],[1.758,1.221],[2.441,0],[5.241,-6.315]],"o":[[0,0],[0,0],[0,0],[1.27,-0.488],[0.846,0],[0.504,0.423],[0.244,1.172],[0,0],[0,3.255],[-0.798,1.156],[0,0],[0,0],[0,0],[0,0],[-2.441,0],[-0.798,-0.439],[-0.359,-0.716],[0,0],[3.841,-4.231],[2.506,0],[1.057,1.839],[0,0],[0,2.572],[-0.326,1.237],[-0.83,0.635],[0,0],[0,0],[0,0],[0,0],[-2.148,0],[-0.798,-0.455],[-0.456,-1.009],[0,0],[0,-4.036],[-1.042,-2.799],[-1.758,-1.221],[-4.753,0],[0,0]],"v":[[16.162,-46.045],[14.063,-46.045],[0.586,-40.576],[1.318,-38.818],[4.59,-39.551],[6.616,-38.916],[7.739,-36.523],[8.105,-26.709],[8.105,-10.107],[6.909,-3.491],[2.295,-1.758],[1.318,-1.758],[1.318,0],[23.438,0],[23.438,-1.758],[18.579,-2.417],[16.699,-4.492],[16.162,-10.107],[16.162,-33.691],[27.734,-40.039],[33.081,-37.28],[34.668,-28.418],[34.668,-10.107],[34.473,-5.518],[32.739,-2.71],[28.369,-1.758],[27.441,-1.758],[27.441,0],[49.561,0],[49.561,-1.758],[45.142,-2.441],[43.408,-4.346],[42.725,-10.107],[42.725,-29.199],[41.65,-38.184],[37.451,-44.214],[31.152,-46.045],[16.162,-36.572]],"c":true},"ix":2},"nm":"n","mn":"ADBE Vector Shape - Group","hd":false}],"nm":"n","np":3,"cix":2,"bm":0,"ix":1,"mn":"ADBE Vector Group","hd":false}]},"fFamily":"Times New Roman"}]}