{"v":"5.5.7","meta":{"g":"LottieFiles AE 0.1.20","a":"","k":"","d":"","tc":""},"fr":24,"ip":0,"op":72,"w":348,"h":186,"nm":"binarystudiocom","ddd":0,"assets":[],"layers":[{"ddd":0,"ind":1,"ty":4,"nm":"Layer 2 Outlines","sr":1,"ks":{"o":{"a":0,"k":100,"ix":11},"r":{"a":1,"k":[{"i":{"x":[0.833],"y":[0.833]},"o":{"x":[0.167],"y":[0.167]},"t":0,"s":[0]},{"i":{"x":[0.517],"y":[1]},"o":{"x":[0.167],"y":[0.167]},"t":16,"s":[405]},{"t":48,"s":[0]}],"ix":10},"p":{"a":1,"k":[{"i":{"x":1,"y":1},"o":{"x":0.402,"y":0},"t":0,"s":[173.875,-17.819,0],"to":[0,0,0],"ti":[3.332,19.805,0]},{"i":{"x":0,"y":0.655},"o":{"x":0.167,"y":0.167},"t":16,"s":[173.875,161.181,0],"to":[-12.032,-71.515,0],"ti":[26.32,-3.795,0]},{"i":{"x":1,"y":1},"o":{"x":0.882,"y":0.48},"t":34,"s":[105.364,58.373,0],"to":[-16.2,2.336,0],"ti":[8.168,-32.373,0]},{"t":48,"s":[66.25,110.15,0]}],"ix":2},"a":{"a":0,"k":[7.9,7.9,0],"ix":1},"s":{"a":0,"k":[100,100,100],"ix":6}},"ao":0,"shapes":[{"ty":"gr","it":[{"ind":0,"ty":"sh","ix":1,"ks":{"a":0,"k":{"i":[[0,0],[0,0],[0,0],[0,0]],"o":[[0,0],[0,0],[0,0],[0,0]],"v":[[7.65,-7.65],[-7.65,-7.65],[-7.65,7.65],[7.65,7.65]],"c":true},"ix":2},"nm":"Path 1","mn":"ADBE Vector Shape - Group","hd":false},{"ty":"fl","c":{"a":1,"k":[{"i":{"x":[0.833],"y":[0.833]},"o":{"x":[0.167],"y":[0.167]},"t":47,"s":[0.65098041296,0.654901981354,0.674509823322,0]},{"t":48,"s":[0.96899998188,0.600000023842,0.109999999404,1]}],"ix":4},"o":{"a":0,"k":100,"ix":5},"r":1,"bm":0,"nm":"Fill 1","mn":"ADBE Vector Graphic - Fill","hd":false},{"ty":"tr","p":{"a":0,"k":[7.9,7.9],"ix":2},"a":{"a":0,"k":[0,0],"ix":1},"s":{"a":0,"k":[100,100],"ix":3},"r":{"a":0,"k":0,"ix":6},"o":{"a":0,"k":100,"ix":7},"sk":{"a":0,"k":0,"ix":4},"sa":{"a":0,"k":0,"ix":5},"nm":"Transform"}],"nm":"Group 1","np":2,"cix":2,"bm":0,"ix":1,"mn":"ADBE Vector Group","hd":false}],"ip":0,"op":145,"st":0,"bm":0},{"ddd":0,"ind":2,"ty":1,"nm":"White Solid 1","td":1,"sr":1,"ks":{"o":{"a":0,"k":100,"ix":11},"r":{"a":0,"k":0,"ix":10},"p":{"a":0,"k":[1,93,0],"ix":2},"a":{"a":0,"k":[174,93,0],"ix":1},"s":{"a":0,"k":[100,100,100],"ix":6}},"ao":0,"sw":348,"sh":186,"sc":"#ffffff","ip":0,"op":145,"st":0,"bm":0},{"ddd":0,"ind":3,"ty":4,"nm":"Layer 3 Outlines","tt":2,"sr":1,"ks":{"o":{"a":0,"k":100,"ix":11},"r":{"a":0,"k":0,"ix":10},"p":{"a":1,"k":[{"i":{"x":0.833,"y":0.833},"o":{"x":0.167,"y":0.167},"t":16,"s":[141.4,145.8,0],"to":[28.667,0,0],"ti":[-28.667,0,0]},{"t":46,"s":[313.4,145.8,0]}],"ix":2},"a":{"a":0,"k":[33.05,25.45,0],"ix":1},"s":{"a":0,"k":[100,100,100],"ix":6}},"ao":0,"shapes":[{"ty":"gr","it":[{"ind":0,"ty":"sh","ix":1,"ks":{"a":0,"k":{"i":[[0,-7.1],[-5.3,0],[0,7],[5.3,0]],"o":[[0,7.1],[5.3,0],[0,-7],[-5.3,0]],"v":[[11.6,14.2],[22.2,25.2],[32.8,14.2],[22.2,3.2]],"c":true},"ix":2},"nm":"Path 1","mn":"ADBE Vector Shape - Group","hd":false},{"ind":1,"ty":"sh","ix":2,"ks":{"a":0,"k":{"i":[[0,5.5],[-3.9,0],[0,-5.5],[3.9,0]],"o":[[0,-5.5],[3.9,0],[0,5.5],[-3.9,0]],"v":[[14.6,14.2],[22.2,5.9],[29.8,14.2],[22.2,22.6]],"c":true},"ix":2},"nm":"Path 2","mn":"ADBE Vector Shape - Group","hd":false},{"ind":2,"ty":"sh","ix":3,"ks":{"a":0,"k":{"i":[[0,0],[0,0],[0,0],[0,0]],"o":[[0,0],[0,0],[0,0],[0,0]],"v":[[-0.4,3.6],[-3.4,3.6],[-3.4,24.799],[-0.4,24.799]],"c":true},"ix":2},"nm":"Path 3","mn":"ADBE Vector Shape - Group","hd":false},{"ind":3,"ty":"sh","ix":4,"ks":{"a":0,"k":{"i":[[0,0]],"o":[[0,0]],"v":[[-0.4,24.8]],"c":false},"ix":2},"nm":"Path 4","mn":"ADBE Vector Shape - Group","hd":false},{"ind":4,"ty":"sh","ix":5,"ks":{"a":0,"k":{"i":[[0,0],[0,6.9],[5.4,0],[0,0],[0,0],[0,0]],"o":[[5.4,0],[0,-7],[0,0],[0,0],[0,0],[0,0]],"v":[[-25.4,24.8],[-15.3,14.3],[-25.4,3.7],[-32.8,3.7],[-32.8,24.9],[-25.4,24.9]],"c":true},"ix":2},"nm":"Path 5","mn":"ADBE Vector Shape - Group","hd":false},{"ind":5,"ty":"sh","ix":6,"ks":{"a":0,"k":{"i":[[0,0],[0,0],[0,0],[0,-5.3],[3.9,0],[0,0]],"o":[[0,0],[0,0],[3.9,0],[0,5.3],[0,0],[0,0]],"v":[[-29.8,22.2],[-29.8,6.2],[-25.4,6.2],[-18.3,14.2],[-25.5,22.1],[-29.8,22.1]],"c":true},"ix":2},"nm":"Path 6","mn":"ADBE Vector Shape - Group","hd":false},{"ind":6,"ty":"sh","ix":7,"ks":{"a":0,"k":{"i":[[-4.3,0],[0,5],[0,0],[0,0],[0,0],[3,0],[0,3.2],[0,0],[0,0],[0,0]],"o":[[4.3,0],[0,0],[0,0],[0,0],[0,3.2],[-3,0],[0,0],[0,0],[0,0],[0,5]],"v":[[22.6,-3.1],[30.2,-10.8],[30.2,-24.7],[27.3,-24.7],[27.3,-10.9],[22.6,-5.9],[17.9,-10.9],[17.9,-24.7],[15,-24.7],[15,-10.8]],"c":true},"ix":2},"nm":"Path 7","mn":"ADBE Vector Shape - Group","hd":false},{"ind":7,"ty":"sh","ix":8,"ks":{"a":0,"k":{"i":[[0,0],[0,0],[0,0],[0,0],[0,0],[0,0],[0,0],[0,0]],"o":[[0,0],[0,0],[0,0],[0,0],[0,0],[0,0],[0,0],[0,0]],"v":[[6.7,-22],[6.7,-24.7],[-10.4,-24.7],[-10.4,-22],[-3.3,-22],[-3.3,-3.6],[-0.4,-3.6],[-0.4,-22]],"c":true},"ix":2},"nm":"Path 8","mn":"ADBE Vector Shape - Group","hd":false},{"ind":8,"ty":"sh","ix":9,"ks":{"a":0,"k":{"i":[[0,0],[4.8,0],[0,-3.3],[-3.1,-0.7],[0,0],[0,-1.5],[3,0],[0.2,2.3],[0,0],[-5.1,0],[0,3.3],[3.5,0.7],[0,0],[0,1.5],[-2.4,0],[-0.3,-1.5]],"o":[[-0.5,-2.3],[-3.9,0],[0,3.2],[0,0],[2.1,0.4],[0,1.8],[-3.2,0],[0,0],[0.4,3],[4.5,0],[0,-3],[0,0],[-1.8,-0.4],[0,-2],[3,0],[0,0]],"v":[[-17.7,-19.9],[-24.9,-25.2],[-31.9,-18.9],[-26.7,-13.1],[-23.7,-12.4],[-20.5,-9.1],[-24.9,-5.7],[-30,-10.2],[-32.8,-9.3],[-24.9,-3],[-17.6,-9.3],[-23.1,-15.2],[-26.3,-15.9],[-29,-19],[-24.9,-22.5],[-20.4,-18.9]],"c":true},"ix":2},"nm":"Path 9","mn":"ADBE Vector Shape - Group","hd":false},{"ty":"mm","mm":1,"nm":"Merge Paths 1","mn":"ADBE Vector Filter - Merge","hd":false},{"ty":"fl","c":{"a":1,"k":[{"i":{"x":[0.833],"y":[0.833]},"o":{"x":[0.167],"y":[0.167]},"t":47,"s":[0,0,0,1]},{"t":48,"s":[0.689999988032,0.689999988032,0.709999952129,1]}],"ix":4},"o":{"a":0,"k":100,"ix":5},"r":1,"bm":0,"nm":"Fill 1","mn":"ADBE Vector Graphic - Fill","hd":false},{"ty":"tr","p":{"a":0,"k":[33.05,25.45],"ix":2},"a":{"a":0,"k":[0,0],"ix":1},"s":{"a":0,"k":[100,100],"ix":3},"r":{"a":0,"k":0,"ix":6},"o":{"a":0,"k":100,"ix":7},"sk":{"a":0,"k":0,"ix":4},"sa":{"a":0,"k":0,"ix":5},"nm":"Transform"}],"nm":"Group 1","np":11,"cix":2,"bm":0,"ix":1,"mn":"ADBE Vector Group","hd":false}],"ip":0,"op":145,"st":0,"bm":0},{"ddd":0,"ind":4,"ty":1,"nm":"White Solid 2","td":1,"sr":1,"ks":{"o":{"a":0,"k":100,"ix":11},"r":{"a":0,"k":0,"ix":10},"p":{"a":1,"k":[{"i":{"x":0.833,"y":0.833},"o":{"x":0.167,"y":0.167},"t":28,"s":[348,93,0],"to":[16.167,0,0],"ti":[-16.167,0,0]},{"t":46,"s":[445,93,0]}],"ix":2},"a":{"a":0,"k":[174,93,0],"ix":1},"s":{"a":0,"k":[100,100,100],"ix":6}},"ao":0,"sw":348,"sh":186,"sc":"#ffffff","ip":0,"op":145,"st":0,"bm":0},{"ddd":0,"ind":5,"ty":4,"nm":"Layer 1 Outlines","tt":2,"sr":1,"ks":{"o":{"a":0,"k":100,"ix":11},"r":{"a":0,"k":0,"ix":10},"p":{"a":1,"k":[{"i":{"x":0.833,"y":0.833},"o":{"x":0.167,"y":0.167},"t":16,"s":[309.699,143.95,0],"to":[-28.833,0,0],"ti":[28.833,0,0]},{"t":46,"s":[136.699,143.95,0]}],"ix":2},"a":{"a":0,"k":[134.65,46.2,0],"ix":1},"s":{"a":0,"k":[100,100,100],"ix":6}},"ao":0,"shapes":[{"ty":"gr","it":[{"ind":0,"ty":"sh","ix":1,"ks":{"a":0,"k":{"i":[[0,0],[0,0],[0,0],[0,0],[0,0],[0,0],[0,0],[0,0]],"o":[[0,0],[0,0],[0,0],[0,0],[0,0],[0,0],[0,0],[0,0]],"v":[[103.701,45.95],[134.4,-23.05],[118.301,-23.05],[107.301,3.649],[95.1,-23.05],[78.1,-23.05],[99.1,20.05],[87.701,45.95]],"c":true},"ix":2},"nm":"Path 1","mn":"ADBE Vector Shape - Group","hd":false},{"ind":1,"ty":"sh","ix":2,"ks":{"a":0,"k":{"i":[[0,0],[1.5,0],[2.6,-5.6],[0,0],[0,0],[0,0],[0,0],[0,0],[-6.101,0],[-1.7,-0.4],[0,0]],"o":[[-1,-0.3],[-4,0],[0,0],[0,0],[0,0],[0,0],[0,0],[0,-9.9],[1.5,0],[0,0],[0,0]],"v":[[75.6,-23.05],[71.6,-23.55],[58.701,-16.35],[58.701,-23.05],[43.9,-23.05],[43.9,26.75],[59.1,26.75],[59.1,5.05],[70.701,-8.45],[75.501,-7.95],[75.501,-23.05]],"c":true},"ix":2},"nm":"Path 2","mn":"ADBE Vector Shape - Group","hd":false},{"ind":2,"ty":"sh","ix":3,"ks":{"a":0,"k":{"i":[[4.5,0],[0,2.599],[-3.201,0.5],[0,0],[0,0]],"o":[[-4.199,0],[0,-3.5],[0,0],[0,0],[0,7.7]],"v":[[16.1,17.149],[10.201,12.05],[15.801,6.55],[25.201,5.05],[25.201,7.25]],"c":true},"ix":2},"nm":"Path 3","mn":"ADBE Vector Shape - Group","hd":false},{"ind":3,"ty":"sh","ix":4,"ks":{"a":0,"k":{"i":[[0,-8.8],[-10.9,0],[-2.6,4.2],[-0.1,-0.401],[0,0],[0,3.9],[0,0],[16.199,0],[0.599,-7.099],[0,0],[-5.3,0],[0,-2.9],[2.699,-0.4],[0,0]],"o":[[0,7.9],[6.6,0],[0,3.401],[0,0],[-0.099,-0.5],[0,0],[0,-10.2],[-14.6,0],[0,0],[0.3,-3.701],[4.8,0],[0,1.699],[0,0],[-8,1.301]],"v":[[-6.299,13.05],[10.901,28.149],[24.901,21.149],[25.401,26.75],[39.1,26.75],[38.501,19.05],[38.501,-5.35],[16.401,-24.651],[-5.499,-8.151],[7.701,-5.45],[16.201,-12.75],[23.501,-7.35],[19.901,-3.95],[8.201,-2.151]],"c":true},"ix":2},"nm":"Path 4","mn":"ADBE Vector Shape - Group","hd":false},{"ind":4,"ty":"sh","ix":5,"ks":{"a":0,"k":{"i":[[0,0],[-5,0],[0,-4.9],[0,0],[0,0],[0,0],[12.601,0],[2.7,-4.701],[0,0],[0,0],[0,0],[0,0]],"o":[[0,-5],[5.5,0],[0,0],[0,0],[0,0],[0,-10.9],[-5.099,0],[0,0],[0,0],[0,0],[0,0],[0,0]],"v":[[-41.699,-1.85],[-33.499,-10.55],[-25.4,-1.95],[-25.4,26.75],[-10.199,26.75],[-10.199,-4.55],[-28.4,-24.45],[-42.299,-17.45],[-42.299,-23.151],[-56.999,-23.151],[-56.999,26.649],[-41.699,26.649]],"c":true},"ix":2},"nm":"Path 5","mn":"ADBE Vector Shape - Group","hd":false},{"ind":5,"ty":"sh","ix":6,"ks":{"a":0,"k":{"i":[[0,0],[0,0],[0,0],[0,0]],"o":[[0,0],[0,0],[0,0],[0,0]],"v":[[-62.799,-23.05],[-77.999,-23.05],[-77.999,26.75],[-62.799,26.75]],"c":true},"ix":2},"nm":"Path 6","mn":"ADBE Vector Shape - Group","hd":false},{"ind":6,"ty":"sh","ix":7,"ks":{"a":0,"k":{"i":[[0,0]],"o":[[0,0]],"v":[[-62.799,26.75]],"c":false},"ix":2},"nm":"Path 7","mn":"ADBE Vector Shape - Group","hd":false},{"ind":7,"ty":"sh","ix":8,"ks":{"a":0,"k":{"i":[[0,-8.5],[5.899,0],[0,8.201],[-5.899,0]],"o":[[0,8.3],[-5.9,0],[0,-8.399],[5.901,0]],"v":[[-97.099,1.849],[-108.299,14.25],[-119.699,1.849],[-108.4,-10.45]],"c":true},"ix":2},"nm":"Path 8","mn":"ADBE Vector Shape - Group","hd":false},{"ind":8,"ty":"sh","ix":9,"ks":{"a":0,"k":{"i":[[0,0],[0,0],[-6.6,0],[0,15.301],[14.5,0],[2.099,-3.1],[0,0],[0,0],[0,0],[0,0]],"o":[[0,0],[2.299,3.801],[13.9,0],[0,-14.899],[-6.801,0],[0,0],[0,0],[0,0],[0,0],[0,0]],"v":[[-119.699,26.75],[-119.699,21.149],[-105.699,27.849],[-81.9,1.649],[-105.099,-24.35],[-119.499,-18.45],[-119.499,-45.95],[-134.4,-45.95],[-134.4,26.649],[-119.699,26.649]],"c":true},"ix":2},"nm":"Path 9","mn":"ADBE Vector Shape - Group","hd":false},{"ty":"mm","mm":1,"nm":"Merge Paths 1","mn":"ADBE Vector Filter - Merge","hd":false},{"ty":"fl","c":{"a":1,"k":[{"i":{"x":[0.833],"y":[0.833]},"o":{"x":[0.167],"y":[0.167]},"t":47,"s":[1,0.549019634724,0.184313729405,0]},{"t":48,"s":[0.071000005685,0.071000005685,0.071000005685,1]}],"ix":4},"o":{"a":0,"k":100,"ix":5},"r":1,"bm":0,"nm":"Fill 1","mn":"ADBE Vector Graphic - Fill","hd":false},{"ty":"tr","p":{"a":0,"k":[134.65,46.2],"ix":2},"a":{"a":0,"k":[0,0],"ix":1},"s":{"a":0,"k":[100,100],"ix":3},"r":{"a":0,"k":0,"ix":6},"o":{"a":0,"k":100,"ix":7},"sk":{"a":0,"k":0,"ix":4},"sa":{"a":0,"k":0,"ix":5},"nm":"Transform"}],"nm":"Group 1","np":11,"cix":2,"bm":0,"ix":1,"mn":"ADBE Vector Group","hd":false}],"ip":0,"op":145,"st":0,"bm":0}],"markers":[]}